,window_meta,decimation_meta,YAHOO/INDEX_NYA_train,YAHOO/INDEX_GSPTSE_train,YAHOO/INDEX_HSI_train,YAHOO/INDEX_MID_train,YAHOO/INDEX_XOI_train,YAHOO/INDEX_N225_train,YAHOO/INDEX_AORD_train,sim_0_train,sim_1_train,sim_2_train,sim_3_train,sim_4_train,sim_5_train,sim_6_train,sim_7_train,sim_8_train,sim_9_train,sim_10_train,sim_11_train,sim_12_train,sim_13_train,sim_14_train,sim_15_train,sim_16_train,sim_17_train,sim_18_train,sim_19_train,sim_20_train,sim_21_train,sim_22_train,sim_23_train,sim_24_train,sim_25_train,sim_26_train,sim_27_train,sim_28_train,sim_29_train,sim_30_train,sim_31_train,sim_32_train,sim_33_train,sim_34_train
0,5,6,0.26930501936255274,0.5137440754056541,0.20585457979225685,0.34652509658263,0.45945945968959323,0.7171117702294528,0.21902017291066284,0.34870317003597556,0.4332372723120434,0.2046109510229598,0.49567723357253757,0.2766570608622746,0.5196926034092331,0.32372718548454077,0.34774255569340745,0.4428434201894645,0.3986551392963022,0.5427473586528606,0.5936599428211692,0.5129682997977012,0.41786743561655826,0.40153698386994835,0.2824207493511103,0.5725264173076201,0.2699327569787715,0.4438040346107611,0.2305475506326765,0.4630163309095458,0.47070124888511716,0.2555235354632397,0.3294908743026048,0.5725264173648772,0.5187319885585081,0.2545629203548578,0.45821325657003553,0.2708933719583249,0.4274735832935795,0.4639769453880995,0.22958693609686567,0.37560038427454595,0.13352545649242675,0.21805955812077357
