,window_meta,decimation_meta,YAHOO/INDEX_NYA_valid,YAHOO/INDEX_GSPTSE_valid,YAHOO/INDEX_HSI_valid,YAHOO/INDEX_MID_valid,YAHOO/INDEX_XOI_valid,YAHOO/INDEX_N225_valid,YAHOO/INDEX_AORD_valid,sim_0_valid,sim_1_valid,sim_2_valid,sim_3_valid,sim_4_valid,sim_5_valid,sim_6_valid,sim_7_valid,sim_8_valid,sim_9_valid,sim_10_valid,sim_11_valid,sim_12_valid,sim_13_valid,sim_14_valid,sim_15_valid,sim_16_valid,sim_17_valid,sim_18_valid,sim_19_valid,sim_20_valid,sim_21_valid,sim_22_valid,sim_23_valid,sim_24_valid,sim_25_valid,sim_26_valid,sim_27_valid,sim_28_valid,sim_29_valid,sim_30_valid,sim_31_valid,sim_32_valid,sim_33_valid,sim_34_valid
0,12,6,0.046511627906976744,0.09090909090909091,0.2727272727272727,0.16279069767441862,0.24031007751937986,0.19047619331450688,0.18461538461538463,0.038461538461538464,0.16923076923076924,0.046153846153846156,0.24615384615384617,0.17692307692307693,0.2153846153846154,0.12307692307692308,0.33076923076923076,0.18461538461538463,0.2153846153846154,0.2230769230769231,0.05384615384615385,0.14615384615384616,0.05384615384615385,0.14615384615384616,0.19230769230769232,0.23846153846153847,0.46153846153846156,0.09230769230769231,0.26153846153846155,0.023076923076923078,0.38461538461538464,0.3153846153846154,0.06923076923076923,0.08461538461538462,0.3153846153846154,0.05384615384615385,0.16923076923076924,0.16153846153846155,0.3230769230769231,0.23846153846153847,0.05384615384615385,0.11538461538461539,0.3923076923076923,0.17692307692307693
