,window_meta,decimation_meta,YAHOO/INDEX_NYA_tests,YAHOO/INDEX_GSPTSE_tests,YAHOO/INDEX_HSI_tests,YAHOO/INDEX_MID_tests,YAHOO/INDEX_XOI_tests,YAHOO/INDEX_N225_tests,YAHOO/INDEX_AORD_tests,sim_0_tests,sim_1_tests,sim_2_tests,sim_3_tests,sim_4_tests,sim_5_tests,sim_6_tests,sim_7_tests,sim_8_tests,sim_9_tests,sim_10_tests,sim_11_tests,sim_12_tests,sim_13_tests,sim_14_tests,sim_15_tests,sim_16_tests,sim_17_tests,sim_18_tests,sim_19_tests,sim_20_tests,sim_21_tests,sim_22_tests,sim_23_tests,sim_24_tests,sim_25_tests,sim_26_tests,sim_27_tests,sim_28_tests,sim_29_tests,sim_30_tests,sim_31_tests,sim_32_tests,sim_33_tests,sim_34_tests
0,12,6,0.03875968992248062,0.05343511473131544,0.3484848484848485,0.18604651162790697,0.17829457364341086,0.2063492075318382,0.27692307692307694,0.015384615384615385,0.14615384615384616,0.06923076923076923,0.3,0.2,0.16153846153846155,0.13846153846153847,0.34615384615384615,0.17692307692307693,0.24615384615384617,0.19230769230769232,0.038461538461538464,0.17692307692307693,0.05384615384615385,0.2230769230769231,0.2230769230769231,0.34615384615384615,0.3230769230769231,0.08461538461538462,0.2230769230769231,0.038461538461538464,0.36923076923076925,0.3153846153846154,0.06923076923076923,0.13076923076923078,0.3923076923076923,0.1076923076923077,0.18461538461538463,0.14615384615384616,0.3153846153846154,0.12307692307692308,0.09230769230769231,0.11538461538461539,0.4,0.15384615384615385
