,window_meta,decimation_meta,YAHOO/INDEX_NYA_tests,YAHOO/INDEX_GSPTSE_tests,YAHOO/INDEX_HSI_tests,YAHOO/INDEX_MID_tests,YAHOO/INDEX_XOI_tests,YAHOO/INDEX_N225_tests,YAHOO/INDEX_AORD_tests,sim_0_tests,sim_1_tests,sim_2_tests,sim_3_tests,sim_4_tests,sim_5_tests,sim_6_tests,sim_7_tests,sim_8_tests,sim_9_tests,sim_10_tests,sim_11_tests,sim_12_tests,sim_13_tests,sim_14_tests,sim_15_tests,sim_16_tests,sim_17_tests,sim_18_tests,sim_19_tests,sim_20_tests,sim_21_tests,sim_22_tests,sim_23_tests,sim_24_tests,sim_25_tests,sim_26_tests,sim_27_tests,sim_28_tests,sim_29_tests,sim_30_tests,sim_31_tests,sim_32_tests,sim_33_tests,sim_34_tests
0,5,6,0.2692307692307692,0.5,0.2857142858263245,0.23846153846153847,0.45384615384615384,0.7559055061790887,0.2,0.3384615384615385,0.46153846153846156,0.2076923076923077,0.46153846153846156,0.3153846153846154,0.46923076923076923,0.34615384615384615,0.36153846153846153,0.4230769230769231,0.4846153846153846,0.5153846153846153,0.5769230769230769,0.5384615384615384,0.45384615384615384,0.36153846153846153,0.3384615384615385,0.5615384615384615,0.18461538461538463,0.5076923076923077,0.16153846153846155,0.47692307692307695,0.46153846153846156,0.19230769230769232,0.36923076923076925,0.5230769230769231,0.5769230769230769,0.25384615384615383,0.4307692307692308,0.3,0.4153846153846154,0.3923076923076923,0.2076923076923077,0.35384615384615387,0.13846153846153847,0.23846153846153847
