,window_meta,decimation_meta,YAHOO/INDEX_NYA_valid,YAHOO/INDEX_GSPTSE_valid,YAHOO/INDEX_HSI_valid,YAHOO/INDEX_MID_valid,YAHOO/INDEX_XOI_valid,YAHOO/INDEX_N225_valid,YAHOO/INDEX_AORD_valid,sim_0_valid,sim_1_valid,sim_2_valid,sim_3_valid,sim_4_valid,sim_5_valid,sim_6_valid,sim_7_valid,sim_8_valid,sim_9_valid,sim_10_valid,sim_11_valid,sim_12_valid,sim_13_valid,sim_14_valid,sim_15_valid,sim_16_valid,sim_17_valid,sim_18_valid,sim_19_valid,sim_20_valid,sim_21_valid,sim_22_valid,sim_23_valid,sim_24_valid,sim_25_valid,sim_26_valid,sim_27_valid,sim_28_valid,sim_29_valid,sim_30_valid,sim_31_valid,sim_32_valid,sim_33_valid,sim_34_valid
0,5,6,0.2846153846153846,0.5454545454545454,0.18045112781954886,0.4076923076923077,0.46923076923076923,0.7637795284977109,0.2671755727465826,0.3587786261816971,0.42748091648553166,0.22900763358778625,0.48854961832061067,0.244274809387804,0.45038167961681164,0.32061068725039943,0.4122137404580153,0.45038167984431027,0.3893129773267353,0.5801526722107225,0.5725190841969643,0.46564885496183206,0.3740458017542162,0.40458015267175573,0.34351145083667667,0.6412213745007989,0.22900763358778625,0.37404580198171483,0.3282442752641576,0.48854961832061067,0.47328244297559025,0.22137404580152673,0.32061068702290074,0.49618320633436885,0.549618320610687,0.3053435114503817,0.4351145040442925,0.27480916053284216,0.48091603098934843,0.45038167938931295,0.2595419847328244,0.427480916258033,0.061068702290076333,0.19847328267024675
