,window_meta,decimation_meta,YAHOO/INDEX_NYA_train,YAHOO/INDEX_GSPTSE_train,YAHOO/INDEX_HSI_train,YAHOO/INDEX_MID_train,YAHOO/INDEX_XOI_train,YAHOO/INDEX_N225_train,YAHOO/INDEX_AORD_train,sim_0_train,sim_1_train,sim_2_train,sim_3_train,sim_4_train,sim_5_train,sim_6_train,sim_7_train,sim_8_train,sim_9_train,sim_10_train,sim_11_train,sim_12_train,sim_13_train,sim_14_train,sim_15_train,sim_16_train,sim_17_train,sim_18_train,sim_19_train,sim_20_train,sim_21_train,sim_22_train,sim_23_train,sim_24_train,sim_25_train,sim_26_train,sim_27_train,sim_28_train,sim_29_train,sim_30_train,sim_31_train,sim_32_train,sim_33_train,sim_34_train
0,12,6,0.04461687686198204,0.08293612964728313,0.3358633780049644,0.19010669257488214,0.22599418045073083,0.185884692026654,0.2028985507534322,0.02318840579710145,0.10821256038647344,0.07729468601913268,0.3227053141248399,0.18454106283072688,0.2550724639120885,0.12850241548773172,0.3439613527145939,0.16908212563265926,0.22801932372908662,0.20386473441469496,0.04444444447323896,0.14396135268579935,0.03671497587420514,0.21256038653101897,0.2125603865598135,0.21739130440541513,0.31207729482996294,0.12753623188405797,0.1526570048885069,0.05603864734299517,0.37004830932271654,0.3053140097482193,0.044444444444444446,0.0821256038647343,0.36618357502319965,0.09758454106280193,0.1990338164827098,0.15265700494609594,0.34685990343923156,0.15845410633778226,0.085024154646961,0.11400966192213234,0.3768115943468711,0.17294685996097067
