,window_meta,decimation_meta,YAHOO/INDEX_NYA_train,YAHOO/INDEX_GSPTSE_train,YAHOO/INDEX_HSI_train,YAHOO/INDEX_MID_train,YAHOO/INDEX_XOI_train,YAHOO/INDEX_N225_train,YAHOO/INDEX_AORD_train,sim_0_train,sim_1_train,sim_2_train,sim_3_train,sim_4_train,sim_5_train,sim_6_train,sim_7_train,sim_8_train,sim_9_train,sim_10_train,sim_11_train,sim_12_train,sim_13_train,sim_14_train,sim_15_train,sim_16_train,sim_17_train,sim_18_train,sim_19_train,sim_20_train,sim_21_train,sim_22_train,sim_23_train,sim_24_train,sim_25_train,sim_26_train,sim_27_train,sim_28_train,sim_29_train,sim_30_train,sim_31_train,sim_32_train,sim_33_train,sim_34_train
0,12,6,14.433727025754468,13.876632734067789,14.111952331079705,14.035412996515964,13.33426277852544,13.482583419466113,14.058013886530043,13.566883994761296,13.080769885334991,11.798385656974165,12.34935997672703,12.59646901116855,12.5227685034563,13.562465848323804,13.241419133356803,13.654862619482953,12.224916041646027,13.29132732078073,13.151407785461721,13.221929727084396,12.889214623492697,13.714818676197586,12.797593108467433,13.550734460065906,11.965872211732727,12.944004541664308,13.15580053375539,13.159145810408292,12.73365440737222,12.934349050844348,12.768653355474058,13.08544141612767,12.443088745264616,13.484482134021999,13.484972516119768,13.233410172761927,12.991510038329784,12.77407970889179,13.691116731984604,12.2618231077701,12.443521475676754,13.344178506602411
