,window_meta,decimation_meta,YAHOO/INDEX_NYA_valid,YAHOO/INDEX_GSPTSE_valid,YAHOO/INDEX_HSI_valid,YAHOO/INDEX_MID_valid,YAHOO/INDEX_XOI_valid,YAHOO/INDEX_N225_valid,YAHOO/INDEX_AORD_valid,sim_0_valid,sim_1_valid,sim_2_valid,sim_3_valid,sim_4_valid,sim_5_valid,sim_6_valid,sim_7_valid,sim_8_valid,sim_9_valid,sim_10_valid,sim_11_valid,sim_12_valid,sim_13_valid,sim_14_valid,sim_15_valid,sim_16_valid,sim_17_valid,sim_18_valid,sim_19_valid,sim_20_valid,sim_21_valid,sim_22_valid,sim_23_valid,sim_24_valid,sim_25_valid,sim_26_valid,sim_27_valid,sim_28_valid,sim_29_valid,sim_30_valid,sim_31_valid,sim_32_valid,sim_33_valid,sim_34_valid
0,12,6,13.787144002988358,12.331502625436494,14.397723140138568,13.915443886158078,12.16329222686531,13.94377395084926,14.127764100294847,12.026218539017897,11.798767574016864,13.270399416410006,14.933967289557824,14.574151244530311,15.558101184551532,11.370241928100587,12.246602454552283,9.914321723351112,12.804989418616662,12.615495887169471,12.74600583589994,14.938746511019193,11.824400549668532,13.582527263347918,12.660031157273513,10.866475472083458,10.560268886272723,13.703709844442514,11.800231141310471,15.249889520498423,11.236993290827824,12.08116569519043,12.065204532329853,14.006242957481971,13.777784699660081,12.277146794245793,12.015193469707782,11.082772357647235,13.40389193021334,11.266969856849084,15.572819753793569,13.832759549067571,13.323005654261662,13.720696669358473
