,window_meta,decimation_meta,YAHOO/INDEX_NYA_train,YAHOO/INDEX_GSPTSE_train,YAHOO/INDEX_HSI_train,YAHOO/INDEX_MID_train,YAHOO/INDEX_XOI_train,YAHOO/INDEX_N225_train,YAHOO/INDEX_AORD_train,sim_0_train,sim_1_train,sim_2_train,sim_3_train,sim_4_train,sim_5_train,sim_6_train,sim_7_train,sim_8_train,sim_9_train,sim_10_train,sim_11_train,sim_12_train,sim_13_train,sim_14_train,sim_15_train,sim_16_train,sim_17_train,sim_18_train,sim_19_train,sim_20_train,sim_21_train,sim_22_train,sim_23_train,sim_24_train,sim_25_train,sim_26_train,sim_27_train,sim_28_train,sim_29_train,sim_30_train,sim_31_train,sim_32_train,sim_33_train,sim_34_train
0,5,6,3.7283572810036794,3.6030127466572406,3.6445746872085123,3.616156627772858,3.3948751554525955,3.4737366408433923,3.6617809693247625,3.242602723018122,3.402574517426871,3.3512314259147096,3.3409061189114646,3.2258430158255997,3.3484645091376546,3.399021399009697,2.9977207639604435,3.2391620822873515,3.1495887901093615,3.3714727542356844,3.2822232054015057,3.0971964099565223,3.2993390791468844,3.2426494782527517,3.1962672159376337,3.1138579275147715,3.2290408934227672,3.1824688423607466,3.426317260084418,3.3997254703734265,3.2164956261399387,3.074388027763733,3.3661963854926236,3.240331531601612,3.376193494549402,3.4758140919416944,3.311213596868011,3.3705896364737886,3.2664999430507105,3.4430798453625067,3.3568776879141127,3.267624331482549,3.107916150610683,3.449634973872292
