,window_meta,decimation_meta,YAHOO/INDEX_NYA_valid,YAHOO/INDEX_GSPTSE_valid,YAHOO/INDEX_HSI_valid,YAHOO/INDEX_MID_valid,YAHOO/INDEX_XOI_valid,YAHOO/INDEX_N225_valid,YAHOO/INDEX_AORD_valid,sim_0_valid,sim_1_valid,sim_2_valid,sim_3_valid,sim_4_valid,sim_5_valid,sim_6_valid,sim_7_valid,sim_8_valid,sim_9_valid,sim_10_valid,sim_11_valid,sim_12_valid,sim_13_valid,sim_14_valid,sim_15_valid,sim_16_valid,sim_17_valid,sim_18_valid,sim_19_valid,sim_20_valid,sim_21_valid,sim_22_valid,sim_23_valid,sim_24_valid,sim_25_valid,sim_26_valid,sim_27_valid,sim_28_valid,sim_29_valid,sim_30_valid,sim_31_valid,sim_32_valid,sim_33_valid,sim_34_valid
0,5,6,3.5131882878450247,3.0897344531434956,3.7034267913129995,3.5404944053063025,3.123197245597839,3.5822209805015506,3.5949725313041045,3.402067752284858,3.225763074314321,3.226012071580377,3.547281893155047,3.3450047951618225,3.576761899103645,3.4060824645384575,3.094437095045133,3.340614884864283,3.345677466792915,3.145625412919139,3.4772000149006153,4.015739677516558,3.8615548628887146,3.6600639401501374,2.879856014979705,3.3873114385677656,3.3948255895658304,3.433943110567923,2.414690460867554,3.3450820036516844,2.9340894113060174,3.356580206456075,2.721233819277232,3.971831294416471,3.5776490691963954,2.7075091573118253,2.9629379902177186,3.1947349046022837,2.7766035549513255,3.3426354896021255,2.785335881336955,3.491623214182963,3.8495106951881,3.3361719364428337
