,window_meta,decimation_meta,YAHOO/INDEX_NYA_tests,YAHOO/INDEX_GSPTSE_tests,YAHOO/INDEX_HSI_tests,YAHOO/INDEX_MID_tests,YAHOO/INDEX_XOI_tests,YAHOO/INDEX_N225_tests,YAHOO/INDEX_AORD_tests,sim_0_tests,sim_1_tests,sim_2_tests,sim_3_tests,sim_4_tests,sim_5_tests,sim_6_tests,sim_7_tests,sim_8_tests,sim_9_tests,sim_10_tests,sim_11_tests,sim_12_tests,sim_13_tests,sim_14_tests,sim_15_tests,sim_16_tests,sim_17_tests,sim_18_tests,sim_19_tests,sim_20_tests,sim_21_tests,sim_22_tests,sim_23_tests,sim_24_tests,sim_25_tests,sim_26_tests,sim_27_tests,sim_28_tests,sim_29_tests,sim_30_tests,sim_31_tests,sim_32_tests,sim_33_tests,sim_34_tests
0,5,6,3.560937555019672,3.8317977731878106,3.1989151230432036,4.05020290521475,3.6467059685633734,3.149027959568294,3.00429121530973,3.256666983090914,3.0253065842848557,3.375703371488131,3.86081809263963,2.9145942541269156,3.307628294137808,3.457243061065674,3.3442089227529674,3.542859767033504,2.714088091483483,3.4774829607743483,3.5324553086207464,2.9472940078148473,3.439596880399264,3.6044447311988246,2.9510203141432543,3.1554852338937613,3.8950037497740526,2.9127239997570333,3.3807620195242074,3.182884641794058,3.0681705401493953,3.249793870632465,3.4709763820354755,3.551093890116765,2.99759616118211,3.3247624213878924,2.876294209406926,3.0548376450171837,3.2929140090942384,3.7227819736187273,3.4052664316617527,3.5311551387493427,3.184898959673368,3.2125896747295672
