,window_meta,decimation_meta,YAHOO/INDEX_NYA_tests,YAHOO/INDEX_GSPTSE_tests,YAHOO/INDEX_HSI_tests,YAHOO/INDEX_MID_tests,YAHOO/INDEX_XOI_tests,YAHOO/INDEX_N225_tests,YAHOO/INDEX_AORD_tests,sim_0_tests,sim_1_tests,sim_2_tests,sim_3_tests,sim_4_tests,sim_5_tests,sim_6_tests,sim_7_tests,sim_8_tests,sim_9_tests,sim_10_tests,sim_11_tests,sim_12_tests,sim_13_tests,sim_14_tests,sim_15_tests,sim_16_tests,sim_17_tests,sim_18_tests,sim_19_tests,sim_20_tests,sim_21_tests,sim_22_tests,sim_23_tests,sim_24_tests,sim_25_tests,sim_26_tests,sim_27_tests,sim_28_tests,sim_29_tests,sim_30_tests,sim_31_tests,sim_32_tests,sim_33_tests,sim_34_tests
0,12,6,13.888851387556208,14.845675097167037,12.609785311149828,15.60116055215052,14.378148256346236,12.574625454251729,11.88764591217041,12.433225455650916,12.678441619873047,15.548985407902645,14.476064814054048,12.828267493614783,16.767411598792442,10.672367301354042,12.97093466245211,13.222892599839431,11.668664316030648,12.808490048922025,12.630484184852014,12.68145505464994,12.49971436720628,11.491911990825946,12.615075096717248,10.469418613727276,11.527081592266375,14.310163343869723,10.615240243765024,15.968417695852427,12.453973682110126,12.328772852971003,10.944816780090331,9.970851061894344,10.018905463585487,12.617848176222582,11.7124574807974,12.95596448458158,13.09227845118596,12.683760687021108,12.580593666663537,10.821042985182542,12.474898499708909,14.242935415414664
