,window size,decimation,levels,dow mean,rand mean,rand stdev
0,4,1,2,0.6265926181062769,0.6025808564389594,0.03198983510143972
1,4,1,4,0.8997059745829077,0.6057388660053041,0.07631872594208468
2,4,2,2,0.5563909790998348,0.6274381623725894,0.0526199584334846
3,4,2,4,0.7662634844677088,0.5464748844343604,0.023038954251613425
4,8,1,2,0.17276888171679133,0.2010460963893478,0.010675812888468873
5,8,1,4,0.3720170003150405,0.41021030979799106,0.013117194172990879
6,8,2,2,0.16661211453170902,0.18046917861852893,0.006154852164383114
7,8,2,4,0.2916530302181572,0.32951445902753124,0.019187985824501402
